class,student,subject,grade,note
11A,Ani Hakobyan,Mathematics,7,
11A,Ani Hakobyan,Physics,6,
11A,Ani Hakobyan,Armenian,6,
11A,Ani Hakobyan,History,3,
11A,Ani Hakobyan,Informatics,1,
11A,Davit Grigoryan,Mathematics,9,
11A,Davit Grigoryan,Physics,6,
11A,Davit Grigoryan,Armenian,8,
11A,Davit Grigoryan,History,9,
11A,Davit Grigoryan,Informatics,9,
11A,Nare Sargsyan,Mathematics,10,
11A,Nare Sargsyan,Physics,10,
11A,Nare Sargsyan,Armenian,10,
11A,Nare Sargsyan,History,10,
11A,Nare Sargsyan,Informatics,10,
11A,Aram Petrosyan,Mathematics,1,
11A,Aram Petrosyan,Physics,7,
11A,Aram Petrosyan,Armenian,3,
11A,Aram Petrosyan,History,10,
11A,Aram Petrosyan,Informatics,9,
11A,Mariam Harutyunyan,Mathematics,10,
11A,Mariam Harutyunyan,Physics,9,
11A,Mariam Harutyunyan,Armenian,10,
11A,Mariam Harutyunyan,History,10,
11A,Mariam Harutyunyan,Informatics,10,
11A,Tigran Khachatryan,Mathematics,7,
11A,Tigran Khachatryan,Physics,6,
11A,Tigran Khachatryan,Armenian,7,
11A,Tigran Khachatryan,History,8,
11A,Tigran Khachatryan,Informatics,7,
11A,Lilit Mkrtchyan,Mathematics,6,
11A,Lilit Mkrtchyan,Physics,6,
11A,Lilit Mkrtchyan,Armenian,5,
11A,Lilit Mkrtchyan,History,2,
11A,Lilit Mkrtchyan,Informatics,3,
11A,Gor Vardanyan,Mathematics,6,
11A,Gor Vardanyan,Physics,7,
11A,Gor Vardanyan,Armenian,7,
11A,Gor Vardanyan,History,7,
11A,Gor Vardanyan,Informatics,9,
11A,Anahit Avetisyan,Mathematics,7,
11A,Anahit Avetisyan,Physics,5,"absent, retake scheduled"
11A,Anahit Avetisyan,Armenian,6,
11A,Anahit Avetisyan,History,6,
11A,Anahit Avetisyan,Informatics,7,
11A,Hayk Martirosyan,Mathematics,7,
11A,Hayk Martirosyan,Physics,5,
11A,Hayk Martirosyan,Armenian,3,
11A,Hayk Martirosyan,History,3,
11A,Hayk Martirosyan,Informatics,8,
11A,Sona Gevorgyan,Mathematics,8,
11A,Sona Gevorgyan,Physics,7,
11A,Sona Gevorgyan,Armenian,9,
11A,Sona Gevorgyan,History,9,
11A,Sona Gevorgyan,Informatics,9,
11A,Vahe Hovhannisyan,Mathematics,7,
11A,Vahe Hovhannisyan,Physics,6,
11A,Vahe Hovhannisyan,Armenian,6,
11A,Vahe Hovhannisyan,History,7,
11A,Vahe Hovhannisyan,Informatics,8,
11B,Armen Hakobyan,Mathematics,10,
11B,Armen Hakobyan,Physics,10,
11B,Armen Hakobyan,Armenian,2,
11B,Armen Hakobyan,History,3,
11B,Armen Hakobyan,Informatics,10,
11B,Nune Grigoryan,Mathematics,6,
11B,Nune Grigoryan,Physics,4,
11B,Nune Grigoryan,Armenian,7,
11B,Nune Grigoryan,History,6,
11B,Nune Grigoryan,Informatics,7,
11B,Karen Sargsyan,Mathematics,6,
11B,Karen Sargsyan,Physics,6,
11B,Karen Sargsyan,Armenian,6,
11B,Karen Sargsyan,History,7,
11B,Karen Sargsyan,Informatics,8,
11B,Syuzan Petrosyan,Mathematics,6,
11B,Syuzan Petrosyan,Physics,2,
11B,Syuzan Petrosyan,Armenian,5,
11B,Syuzan Petrosyan,History,5,
11B,Syuzan Petrosyan,Informatics,1,
11B,Levon Harutyunyan,Mathematics,6,
11B,Levon Harutyunyan,Physics,5,
11B,Levon Harutyunyan,Armenian,6,
11B,Levon Harutyunyan,History,7,
11B,Levon Harutyunyan,Informatics,8,
11B,Gayane Khachatryan,Mathematics,9,
11B,Gayane Khachatryan,Physics,10,
11B,Gayane Khachatryan,Armenian,9,
11B,Gayane Khachatryan,History,10,
11B,Gayane Khachatryan,Informatics,10,

11B,Artur Mkrtchyan,Mathematics,4,
11B,Artur Mkrtchyan,Physics,4,
11B,Artur Mkrtchyan,Armenian,5,
11B,Artur Mkrtchyan,History,4,
11B,Artur Mkrtchyan,Informatics,2,
11B,Mane Vardanyan,Mathematics,6,
11B,Mane Vardanyan,Physics,5,
11B,Mane Vardanyan,Armenian,8,
11B,Mane Vardanyan,History,6,
11B,Mane Vardanyan,Informatics,8,
11B,Narek Avetisyan,Mathematics,6,
11B,Narek Avetisyan,Physics,4,
11B,Narek Avetisyan,Armenian,6,
11B,Narek Avetisyan,History,6,
11B,Narek Avetisyan,Informatics,8,
11B,Lusine Martirosyan,Mathematics,5,
11B,Lusine Martirosyan,Physics,3,
11B,Lusine Martirosyan,Armenian,7,
11B,Lusine Martirosyan,History,5,
11B,Lusine Martirosyan,Informatics,6,
11B,Vardan Gevorgyan,Mathematics,8,
11B,Vardan Gevorgyan,Physics,7,
11B,Vardan Gevorgyan,Armenian,8,
11B,Vardan Gevorgyan,History,9,
11B,Vardan Gevorgyan,Informatics,9,
11B,Satenik Hovhannisyan,Mathematics,6,
11B,Satenik Hovhannisyan,Physics,6,
11B,Satenik Hovhannisyan,Armenian,7,
11B,Satenik Hovhannisyan,History,7,
11B,Satenik Hovhannisyan,Informatics,8,
11C,Grigor Hakobyan,Mathematics,7,
11C,Grigor Hakobyan,Physics,5,
11C,Grigor Hakobyan,Armenian,1,
11C,Grigor Hakobyan,History,7,
11C,Grigor Hakobyan,Informatics,8,
11C,Astghik Grigoryan,Mathematics,10,
11C,Astghik Grigoryan,Physics,9,
11C,Astghik Grigoryan,Armenian,10,
11C,Astghik Grigoryan,History,10,
11C,Astghik Grigoryan,Informatics,10,
11C,Suren Sargsyan,Mathematics,8,
11C,Suren Sargsyan,Physics,9,
11C,Suren Sargsyan,Armenian,8,
11C,Suren Sargsyan,History,9,
11C,Suren Sargsyan,Informatics,9,
11C,Zaruhi Petrosyan,Mathematics,9,
11C,Zaruhi Petrosyan,Physics,1,
11C,Zaruhi Petrosyan,Armenian,9,
11C,Zaruhi Petrosyan,History,10,
11C,Zaruhi Petrosyan,Informatics,10,
11C,Hovhannes Harutyunyan,Mathematics,10,
11C,Hovhannes Harutyunyan,Physics,9,
11C,Hovhannes Harutyunyan,Armenian,10,
11C,Hovhannes Harutyunyan,History,10,
11C,Hovhannes Harutyunyan,Informatics,10,
11C,Ruzan Khachatryan,Mathematics,7,
11C,Ruzan Khachatryan,Physics,6,
11C,Ruzan Khachatryan,Armenian,8,
11C,Ruzan Khachatryan,History,8,
11C,Ruzan Khachatryan,Informatics,9,
11C,Samvel Mkrtchyan,Mathematics,1,
11C,Samvel Mkrtchyan,Physics,7,
11C,Samvel Mkrtchyan,Armenian,8,
11C,Samvel Mkrtchyan,History,8,
11C,Samvel Mkrtchyan,Informatics,7,
11C,Hasmik Vardanyan,Mathematics,9,
11C,Hasmik Vardanyan,Physics,6,
11C,Hasmik Vardanyan,Armenian,8,
11C,Hasmik Vardanyan,History,9,
11C,Hasmik Vardanyan,Informatics,8,
11C,Arsen Avetisyan,Mathematics,7,
11C,Arsen Avetisyan,Physics,7,
11C,Arsen Avetisyan,Armenian,8,
11C,Arsen Avetisyan,History,6,
11C,Arsen Avetisyan,Informatics,7,
11C,Knarik Martirosyan,Mathematics,9,
11C,Knarik Martirosyan,Physics,8,
11C,Knarik Martirosyan,Armenian,10,
11C,Knarik Martirosyan,History,8,
11C,Knarik Martirosyan,Informatics,2,
11C,Edgar Gevorgyan,Mathematics,6,
11C,Edgar Gevorgyan,Physics,6,
11C,Edgar Gevorgyan,Armenian,6,
11C,Edgar Gevorgyan,History,9,
11C,Edgar Gevorgyan,Informatics,9,
11C,Siranush Hovhannisyan,Mathematics,7,
11C,Siranush Hovhannisyan,Physics,7,
11C,Siranush Hovhannisyan,Armenian,7,
11C,Siranush Hovhannisyan,History,7,
11C,Siranush Hovhannisyan,Informatics,8,
